{
  "episode": 350,
  "training_stats": {
    "total_episodes": 351,
    "successful_episodes": 0,
    "average_reward": -0.9603284502598004,
    "domain_performance": {
      "legal": {
        "total_episodes": 117,
        "successful_episodes": 0,
        "total_reward": -108.15789473684201
      },
      "medical": {
        "total_episodes": 123,
        "successful_episodes": 0,
        "total_reward": -117.91739130434792
      },
      "technical": {
        "total_episodes": 111,
        "successful_episodes": 0,
        "total_reward": -111.0
      }
    },
    "start_time": 1764670866.5542567
  },
  "q_table": {
    "legal_short": {
      "VNI_legal_001": -0.3535440625527553,
      "VNI_technical_001": -0.3596646287893237,
      "VNI_general_001": -0.3570476256882467
    },
    "medical_medium": {
      "VNI_medical_001": -0.38620979036849523,
      "VNI_general_001": -0.39041375421544966,
      "VNI_technical_001": -0.38756363709794284
    },
    "technical_medium": {
      "VNI_technical_001": -0.5615440159503543,
      "VNI_general_001": -0.5329039760194779
    }
  },
  "timestamp": 1764670869.0169728
}