{
  "episode": 450,
  "training_stats": {
    "total_episodes": 451,
    "successful_episodes": 0,
    "average_reward": -0.9622202377630183,
    "domain_performance": {
      "legal": {
        "total_episodes": 143,
        "successful_episodes": 0,
        "total_reward": -132.05263157894723
      },
      "medical": {
        "total_episodes": 151,
        "successful_episodes": 0,
        "total_reward": -144.90869565217406
      },
      "technical": {
        "total_episodes": 157,
        "successful_episodes": 0,
        "total_reward": -157.0
      }
    },
    "start_time": 1764670866.5542567
  },
  "q_table": {
    "legal_short": {
      "VNI_legal_001": -0.43337752548386044,
      "VNI_technical_001": -0.4394674526077204,
      "VNI_general_001": -0.4312831114152129
    },
    "medical_medium": {
      "VNI_medical_001": -0.47321750317391387,
      "VNI_general_001": -0.4748778229045734,
      "VNI_technical_001": -0.4799401528036018
    },
    "technical_medium": {
      "VNI_technical_001": -0.7742481939735536,
      "VNI_general_001": -0.7651656755200013
    }
  },
  "timestamp": 1764670869.973253
}