{
  "episode": 375,
  "training_stats": {
    "total_episodes": 376,
    "successful_episodes": 0,
    "average_reward": -0.9599980524855153,
    "domain_performance": {
      "legal": {
        "total_episodes": 122,
        "successful_episodes": 0,
        "total_reward": -112.31578947368409
      },
      "medical": {
        "total_episodes": 134,
        "successful_episodes": 0,
        "total_reward": -128.64347826086967
      },
      "technical": {
        "total_episodes": 120,
        "successful_episodes": 0,
        "total_reward": -120.0
      }
    },
    "start_time": 1764670866.5542567
  },
  "q_table": {
    "legal_short": {
      "VNI_legal_001": -0.3689761331920076,
      "VNI_technical_001": -0.3673795333170343,
      "VNI_general_001": -0.3745804041665702
    },
    "medical_medium": {
      "VNI_medical_001": -0.4253277362324306,
      "VNI_general_001": -0.41894429841085784,
      "VNI_technical_001": -0.4248909051046298
    },
    "technical_medium": {
      "VNI_technical_001": -0.5906871235142478,
      "VNI_general_001": -0.5912323111308229
    }
  },
  "timestamp": 1764670869.155308
}